Benefits keywords,Category keywords,googlesheetcategory
Allowance,Fitness,Health & Wellness
Stipend,Health & Wellness,Health & Wellness
Reimbursement,Wellness,Health & Wellness
Reimbursed,Wellbeing,Health & Wellness
,Gym,Health & Wellness
,Work From Home,Work From Home
,WFH,Work From Home
,Desk,Work From Home
,Internet,Work From Home
,Monitor,Work From Home
,Remote,Work From Home
,Professional development,Learning & Development
,Skill development,Learning & Development
,Learning,Learning & Development
,Courses,Learning & Development
,Learning & Development,Learning & Development
,L&D,Learning & Development