Company Name,Company Website,Health and Wellness,Work From Home,Learning and Development
company_name,company_website,,,
weka,https://www.weka.io,,,
deepscribe,https://www.deepscribe.ai,,,
tecovas,https://tecovas.com,,,
vivvi,https://vivvi.com,,,
ironclad,https://www.ironcladapp.com,x,,
clari,https://www.clari.com,,,
spekit,https://spekit.com,,,
nowsta,https://nowsta.com,,,
capacity,https://capacity.com,,,
turing_labs,https://www.turingsaas.com,,,
anitian,https://www.anitian.com,,,
capital_markets_gateway,https://cmgx.io,,,
sollis_health,https://www.sollishealth.com,,,
kidztopros,https://kidztopros.com,,,
order,https://order.co,,,
sibros,https://www.sibros.com,,,x
polly,https://www.polly.io,,,
lex_markets,https://www.lex-markets.com,x,,
loadsmart,https://loadsmart.com,,,
maisonette,https://www.maisonette.com,,,
dewpoint_therapeutics,https://dewpointx.com,,,
taxfyle,https://www.taxfyle.com,,,
swoogo,https://www.swoogo.com,,,
alchemy,https://alchemy.com,,,
superconductive,https://www.superconductive.com,,,
kevala,https://www.kevala.care,,,
databook,https://www.trydatabook.com,,,x
terray_therapeutics,https://terraytx.com,,,
uniphore,https://www.uniphore.com,,,
chronicled,https://chronicled.com,x,,x
helium,https://www.helium.com,,,
bloomreach,https://www.bloomreach.com,,,x
secureframe,https://secureframe.com,,,
promise,https://www.promise-pay.com,,,
fabric,https://fabric.inc,,,
wave_sports__entertainment,https://www.wave.tv,,,
canary_technologies,https://www.canarytechnologies.com,,,
daybreak_health,https://www.daybreakhealth.com,,,
emotive,https://emotive.io,,,
linear_labs,https://www.linearlabsinc.com,,,
atomic_fi,https://www.atomic.financial,,,
autofi,https://www.autofi.com,,,
customerio,https://customer.io,,,
propel,https://joinpropel.com,,,
genomenon,https://www.genomenon.com,,,
milo,https://www.milocredit.com,,,
roofstock,https://www.roofstock.com,,,
marlette_funding,https://www.marlettefunding.com,,,
smithrx,https://www.smithrx.com,,,
socotra,https://www.socotra.com,,,
cowbell_cyber,https://cowbell.insure,,,
openloop,https://openloophealth.com,,,
truera,https://truera.com,,,
bambee,https://www.bambee.com,,,
webflow,https://www.webflow.com,x,x,x
deepcell,https://deepcell.com,x,,
chargeafter,https://chargeafter.com,,,
beep,https://ridebeep.com,,,
celsius_therapeutics,https://www.celsiustx.com,,,
clarify_health_solutions,https://www.clarifyhealth.com,,,
dataworld,https://data.world,,,
remote,https://www.remote.com,,x,
doceree,https://doceree.com,,,
eleanor_health,https://eleanorhealth.com,,,
fetch_rewards,https://www.fetchrewards.com,,,
diligent_robotics,https://diligentrobots.com,,,
genies,https://genies.com,,,
reveleer,https://www.reveleer.com,,,
anuvia_plant_nutrients,https://www.anuviaplantnutrients.com,,,
qualifiedcom,https://www.qualified.com,,,
concert_health,https://www.concerthealth.io,,,
smartx_technology_solutions,https://www.smartxadvisory.com,,,
pachama,https://www.pachama.com,,,
sirionlabs,https://sirionlabs.com,,,
stord,https://www.stord.com,,,
chainalysis,https://chainalysis.com,,,
skyspecs,https://skyspecs.com,,,
legacy,https://www.givelegacy.com,,,
n3twork,https://www.n3twork.com,,x,
semperis,https://www.semperis.com,,,
regrow_ag,https://regrow.ag,,,
riveryio,https://rivery.io,,,
clozd,https://www.clozd.com,,,
lets_do_this,https://www.letsdothis.com,,,
arduino,https://www.arduino.cc,,,
sesame,https://sesamecare.com,,,
dealhubio,https://dealhub.io,,,
fountain,https://get.fountain.com,x,x,
postscript,https://www.postscript.io,,,
openly,https://openly.com,,x,
logrocket,https://logrocket.com,,,
rivet,https://www.rivethealth.com,,,
courier,https://www.courier.com,,,
gloat,https://www.gloat.com,,,
tomorrow_health,https://home.tomorrowhealth.com,,,
