Careers keywords,Benefits keywords,Category keywords,match_category
Careers,Allowance,Fitness,Health & Wellness
Jobs,Stipend,Health & Wellness,Health & Wellness
Job,Reimbursement,Wellness,Health & Wellness
Openings,Reimbursed,Wellbeing,Health & Wellness
,,Gym,Health & Wellness
,,Work From Home,Work From Home
,,WFH,Work From Home
,,Desk,Work From Home
,,Internet,Work From Home
,,Monitor,Work From Home
,,Remote,Work From Home
,,Professional development,Learning & Development
,,Skill development,Learning & Development
,,Learning,Learning & Development
,,Courses,Learning & Development
,,Learning & Development,Learning & Development
,,L&D,Learning & Development
,,Education,Learning & Development